page,size
31,5
8,9
35,13
6,24
21,24
8,19
18,14
25,25
35,8
23,10
35,2
20,3
2,15
28,19
10,4
28,19
33,15
1,23
37,8
25,14
21,12
37,22
2,21
12,17
24,11
35,12
21,21
19,25
37,8
27,12
9,8
21,1
30,11
21,16
32,6
38,12
12,12
18,19
22,12
32,21
26,19
28,17
38,20
19,12
17,10
22,19
9,10
29,25
35,16
29,20
1,17
28,19
7,2
36,6
27,5
38,18
13,8
33,5
30,23
16,23
12,6
5,14
33,16
34,22
23,1
39,19
35,4
10,21
40,24
7,17
26,18
7,6
34,22
10,16
17,16
11,15
9,12
17,22
19,25
20,7
27,12
5,6
13,19
8,2
23,16
9,13
22,3
21,21
22,10
5,7
5,9
4,8
10,23
4,11
31,11
5,1
31,6
23,5
14,18
32,15
14,19
28,15
6,24
20,6
34,25
30,4
40,8
14,14
14,10
22,23
16,8
2,17
26,5
24,9
25,5
15,18
4,16
39,6
36,1
10,3
22,22
3,23
22,1
16,23
31,16
7,9
40,14
26,17
38,20
15,5
15,19
20,6
23,8
14,21
28,25
39,6
23,10
5,9
4,25
34,20
39,14
27,1
33,7
4,15
13,20
30,3
38,21
34,20
4,15
38,9
19,4
3,17
20,3
21,15
23,20
5,21
19,5
34,9
24,16
34,13
39,4
29,3
27,6
23,6
34,7
19,5
27,2
38,3
6,13
15,13
32,2
18,21
14,20
2,7
31,10
23,7
1,1
37,8
31,19
18,7
20,5
35,9
11,2
30,5
18,10
32,10
40,15
3,5
33,6
21,22
17,10
1,23
21,9
1,22
9,23
40,24
18,18
23,25
38,22
38,17
30,2
26,4
8,3
4,15
33,1
16,16
39,18
18,2
2,18
2,7
29,22
31,25
8,19
25,12
34,3
1,9
12,1
28,25
13,12
33,4
16,16
34,25
32,20
20,22
32,9
25,23
4,4
9,22
11,18
8,9
23,3
17,22
17,21
23,7
17,19
40,1
27,8
6,5
7,8
14,6
11,17
16,17
36,7
37,23
30,13
13,25
20,11
9,15
29,16
11,2
6,18
14,2
26,12
4,20
6,3
11,8
6,11
33,7
4,25
29,21
14,4
13,11
3,25
3,12
21,18
21,22
40,21
29,19
21,15
29,18
36,5
23,8
21,7
7,21
38,21
3,23
40,7
32,5
21,8
38,16
13,5
29,11
12,5
5,21
11,3
26,2
21,17
7,17
27,18
11,23
37,24
18,12
29,9
13,6
14,12
40,11
7,25
20,12
10,6
27,24
31,23
11,24
18,11
1,12
1,22
14,23
10,14
3,13
6,8
6,21
15,3
5,18
39,15
33,17
35,8
4,4
32,23
3,1
27,19
18,18
17,12
28,9
17,3
17,9
4,4
20,23
26,14
15,24
33,4
32,19
35,11
36,2
30,3
30,10
7,25
19,5
6,22
24,4
35,4
15,2
1,20
36,6
32,17
11,19
33,7
3,13
6,10
38,4
11,7
9,6
37,4
12,21
18,22
2,14
6,17
36,12
16,8
3,23
11,5
13,23
21,20
13,19
14,5
26,3
7,22
27,10
20,5
14,24
33,20
11,21
30,2
14,24
36,14
30,18
3,13
32,4
12,16
13,4
33,14
35,16
36,2
32,21
12,22
36,11
40,17
2,15
25,19
36,3
6,22
24,3
24,2
2,22
28,23
31,1
12,5
35,15
38,21
32,1
35,22
36,14
3,20
30,23
23,12
23,16
6,8
19,13
36,12
20,7
10,5
34,22
25,2
9,7
10,22
34,19
27,19
37,13
30,2
10,12
32,13
39,15
40,22
19,17
13,20
34,25
13,12
22,19
9,19
6,13
17,25
34,4
20,15
5,20
25,13
11,6
28,19
11,11
27,20
17,20
21,8
16,6
2,21
24,20
27,22
12,5
10,3
1,17
26,20
31,15
15,1
15,21
35,25
13,16
27,14
39,24
14,17
13,21
21,23
31,18
14,1
38,19
30,19
36,22
4,23
7,15
24,3
28,11
40,1
33,11
15,18
21,4
8,1
38,12
24,17
22,10
29,10
33,3
20,5
13,6
5,6
13,7
21,7
40,15
22,17
22,13
29,17
3,4
16,25
28,25
10,20
37,19
21,10
16,3
8,4
2,5
20,7
7,25
20,14
1,21
20,24
9,5
39,3
40,20
22,8
4,15
15,21
37,7
18,15
9,1
40,14
33,5
28,5
23,1
25,1
36,13
31,1
38,5
24,9
5,21
19,9
32,11
8,8
40,21
33,21
5,9
40,15
36,8
18,18
20,15
32,1
1,15
15,16
24,15
6,6
18,21
13,23
16,1
9,22
5,14
1,15
1,2
38,5
20,17
7,19
32,8
14,13
12,13
32,11
17,15
29,19
29,22
5,5
6,24
39,22
34,16
36,3
4,19
32,10
11,23
32,2
37,21
18,11
35,10
38,12
32,22
16,24
36,11
33,14
20,7
28,22
9,1
3,19
25,22
13,21
15,5
1,17
4,8
38,12
29,10
13,1
23,7
36,2
40,21
7,10
34,3
26,1
1,20
19,11
12,25
37,20
6,8
16,5
34,17
31,9
20,11
7,1
26,21
21,21
35,22
5,8
30,25
27,7
24,25
22,17
26,9
36,10
6,7
24,13
29,5
29,3
36,22
26,9
32,1
12,21
14,6
11,6
11,17
18,1
37,4
35,11
2,19
26,1
11,16
34,6
34,2
3,1
25,6
8,19
14,19
18,3
14,24
32,24
17,21
11,7
3,11
7,17
33,12
34,20
3,24
5,12
19,2
1,22
1,24
13,11
12,13
29,5
8,18
14,4
39,2
21,1
26,16
28,2
21,23
19,10
1,21
40,16
6,3
3,5
35,24
33,6
13,19
7,15
20,13
26,5
2,21
16,15
26,10
17,24
34,16
29,15
10,9
14,19
3,19
9,7
36,12
14,4
21,11
40,1
14,15
7,14
30,20
34,14
36,6
10,6
16,9
2,15
10,15
13,4
10,21
14,2
29,15
23,19
32,1
22,10
16,7
23,12
3,22
11,6
16,17
18,11
10,12
20,20
2,20
28,8
14,15
6,4
17,23
34,13
30,16
28,25
13,2
39,22
17,15
34,9
22,2
1,13
15,10
27,10
32,25
23,13
36,18
37,1
35,25
31,19
1,4
13,8
12,20
20,16
32,21
25,24
40,12
14,23
6,2
19,10
24,7
2,10
26,25
22,18
23,13
6,11
27,4
12,15
6,7
18,8
38,13
11,3
29,25
18,2
2,21
5,1
24,3
36,7
12,12
7,7
21,20
27,16
9,1
7,22
30,1
8,3
13,25
26,16
8,2
19,12
35,5
11,2
38,22
18,7
7,21
31,22
40,21
2,5
23,19
6,15
25,11
19,5
21,23
22,19
9,21
7,17
12,5
21,17
36,25
15,20
36,12
38,3
9,12
37,2
39,9
30,20
32,19
16,10
34,11
14,22
5,9
26,5
33,8
39,21
17,19
14,19
11,25
8,16
25,22
9,25
11,5
15,4
6,24
30,13
11,11
4,10
4,14
16,1
39,21
17,2
30,24
7,9
27,23
1,10
16,24
22,19
24,8
27,3
29,14
16,2
37,22
22,19
2,19
19,25
31,11
14,23
33,13
9,5
35,10
40,3
5,21
18,18
27,8
30,25
21,9
39,11
38,25
25,5
24,4
17,5
38,15
16,14
2,21
4,15
34,5
32,4
40,13
12,14
37,6
22,22
9,7
25,20
7,19
18,15
31,19
28,7
22,8
34,7
15,11
37,7
39,8
20,24
6,6
26,25
40,21
3,20
20,16
33,16
4,4
38,4
8,12
9,2
8,19
10,14
12,16
27,21
7,15
14,2
5,23
10,6
38,21
8,1
20,9
19,4
27,20
11,3
28,6
22,19
4,9
11,7
2,8
4,1
39,14
4,17
12,15
19,22
23,23
25,5
19,2
27,15
13,4
30,19
7,15
29,3
5,4
5,13
11,19
35,24
1,21
10,4
17,24
24,3
24,18
4,15
21,7
24,10
25,19
1,21
23,20
20,13
33,8
18,12
13,21
25,2
21,23
25,1
26,11
19,11
15,19
2,13
36,15
29,12
37,9
33,11
38,5
27,9
31,19
28,23
19,19
38,5
9,7
22,11
9,19
18,4
8,3
26,10
16,4
30,13
31,24
30,4
20,10
22,9
34,21
3,10
9,19
4,14
27,13
13,5
27,24
10,13
29,12
25,16
21,4
18,19
21,4
25,1
7,18
2,18
5,11
6,17
23,7
2,9
6,23
2,7
22,15
27,13
2,10
23,9
27,14
14,12
22,10
18,2
29,8
3,9
34,11
8,13
13,20
18,20
38,8
38,13
40,8
31,20
29,9
15,24
12,3
9,24
5,19